,PATID,VISITNUM,RESPONSE
0,P00001,1,Stable Disease
1,P00001,2,Partial Response
2,P00001,3,Stable Disease
3,P00001,4,Partial Response
4,P00001,5,Progressive Disease
5,P00002,1,Progressive Disease
6,P00002,2,Partial Response
7,P00002,3,Stable Disease
8,P00002,4,Complete Response
9,P00002,5,Complete Response
10,P00003,1,Stable Disease
11,P00003,2,Complete Response
12,P00003,3,Progressive Disease
13,P00003,4,Stable Disease
14,P00003,5,Progressive Disease
15,P00004,1,Stable Disease
16,P00004,2,Progressive Disease
17,P00004,3,Stable Disease
18,P00004,4,Partial Response
19,P00004,5,Complete Response
20,P00005,1,Partial Response
21,P00005,2,Partial Response
22,P00005,3,Stable Disease
23,P00005,4,Stable Disease
24,P00005,5,Partial Response
25,P00006,1,Complete Response
26,P00006,2,Stable Disease
27,P00006,3,Partial Response
28,P00006,4,Complete Response
29,P00006,5,Partial Response
